2,Facebook is a social networking platform used by millions of people.,facebook is a social networking platform used by millions of people.
2,"Users can share posts, photos, and videos.","users can share posts, photos, and videos."
2,Facebook helps people stay connected with friends and family.The platform offers groups to discuss shared interests.,facebook helps people stay connected with friends and family.the platform offers groups to discuss shared interests.
2,Businesses use Facebook to promote their products and services.,businesses use facebook to promote their products and services.
2,Facebook ads can target specific audiences.Facebook Messenger allows sending private messages.,facebook ads can target specific audiences.facebook messenger allows sending private messages.
2,Events on Facebook help organize gatherings.,events on facebook help organize gatherings.
2,The 'Like' button lets users express appreciation for content.,the 'like' button lets users express appreciation for content.
2,Privacy settings control who can see posts.Facebook was founded in 2004 by Mark Zuckerberg.,privacy settings control who can see posts.facebook was founded in 2004 by mark zuckerberg.
2,The platform is available on desktop and mobile apps.Users can follow news or hobby pages.,the platform is available on desktop and mobile apps.users can follow news or hobby pages.
2,Facebook Marketplace allows buying and selling items locally.,facebook marketplace allows buying and selling items locally.
2,Stories let users share ephemeral moments.,stories let users share ephemeral moments.
2,"Reactions (like, love, haha, etc.) offer more options than just 'Like'.","reactions (like, love, haha, etc.) offer more options than just 'like'."
2,Comments under posts enable discussions.,comments under posts enable discussions.
2,Facebook Watch features videos and online shows.,facebook watch features videos and online shows.
2,Fact-checking is used to combat misinformation.,fact-checking is used to combat misinformation.
2,Facebook's algorithms personalize the news feed.,facebook's algorithms personalize the news feed.
2,Live streaming lets users broadcast to followers in real-time.,live streaming lets users broadcast to followers in real-time.
2,Users can report inappropriate content.,users can report inappropriate content.
2,Facebook works with moderators to monor violations.,facebook works with moderators to monor violations.
2,User data is used to personalize ads.,user data is used to personalize ads.
2,Businesses can analyze performance via Facebook Insights.,businesses can analyze performance via facebook insights.
2,Business pages differ from personal profiles.,business pages differ from personal profiles.
2,Facebook Gaming allows streaming and watching video games.,facebook gaming allows streaming and watching video games.
2,Messenger emojis add quick reactions.,messenger emojis add quick reactions.
2,AR filters and effects are popular in stories.,ar filters and effects are popular in stories.
2,Facebook Dating is an online dating feature.,facebook dating is an online dating feature.
2,Users can archive or delete old pots.,users can archive or delete old pots.
2,Hashtags help categorize content.,hashtags help categorize content.
2,Memes and viral content are often shared on Facebook.,memes and viral content are often shared on facebook.
2,Private groups require an invitation to join.,private groups require an invitation to join.
2,Polls help engage with audiences.Facebook partners with charities for fundraisers.,polls help engage with audiences.facebook partners with charities for fundraisers.
2,Notifications alert users to new activity.,notifications alert users to new activity.
2,Users can customize their profile with a cover photo.,users can customize their profile with a cover photo.
2,Auto-translation helps understand posts in different languages.,auto-translation helps understand posts in different languages.
2,Videos can be saved into playlists.,videos can be saved into playlists.
2,Facebook offers accessibility features for the visually impaired.,facebook offers accessibility features for the visually impaired.
2,Users can block other accounts if needed.Trending topics show popular discussions.,users can block other accounts if needed.trending topics show popular discussions.
2,Pinned posts stay at the top of a profile.,pinned posts stay at the top of a profile.
2,Facebook owns Instagram and WhatsApp.,facebook owns instagram and whatsapp.
2,Users can create photo albums.,users can create photo albums.
2,Mini-games are available via Facebook Instant Games.,mini-games are available via facebook instant games.
2,Status updates let users share moods or thoughts.,status updates let users share moods or thoughts.
2,Sharing expands content reach.,sharing expands content reach.
2,Facebook regularly evolves with new features.,facebook regularly evolves with new features.
2,"New advancements in AI are reshaping industries, sparking discussions about ethics and innovation.","new advancements in ai are reshaping industries, sparking discussions about ethics and innovation."
2,Cybersecurity remains a top priority as digital threats grow more sophisticated. #OnlineSafety,cybersecurity remains a top priority as digital threats grow more sophisticated. #onlinesafety
2,Climate change discussions gain momentum as extreme weather events increase globally.,climate change discussions gain momentum as extreme weather events increase globally.
2,Small daily actions—like reducing waste—can collectively make a big environmental impact.,small daily actions—like reducing waste—can collectively make a big environmental impact.
2,Public art installations spark conversations and community engagement.,public art installations spark conversations and community engagement.
2,Cultural heritage preservation reminds us of our shared history. ,cultural heritage preservation reminds us of our shared history. 
2,Travel trends show a rise in sustainable tourism options.,travel trends show a rise in sustainable tourism options.
2,Exploring new cultures fosters understanding and connection. ,exploring new cultures fosters understanding and connection. 
2,Global markets react to shifting trade policies and economic indicators. ,global markets react to shifting trade policies and economic indicators. 
2,"Small businesses adapt to challenges, proving resilience in uncertain times. #SupportLocal","small businesses adapt to challenges, proving resilience in uncertain times. #supportlocal"
2,A tight match this weekend between [Team A] and [Team B]! The score reflects the intensity on the field.,a tight match this weekend between [team a] and [team b]! the score reflects the intensity on the field.
2,"Athletes continue to push boundaries at [Event Name], showcasing dedication and perseverance. #Sportsmanship","athletes continue to push boundaries at [event name], showcasing dedication and perseverance. #sportsmanship"
2,"Geopolitical tensions continue to evolve, underscoring the need for international dialogue to maintain stability.Educational groups on Facebook offer resources for learners.","geopolitical tensions continue to evolve, underscoring the need for international dialogue to maintain stability.educational groups on facebook offer resources for learners."
2,Facebook’s ‘Learn with Facebook’ program provides free courses.,facebook’s ‘learn with facebook’ program provides free courses.
2,Teachers sometimes use Facebook Pages to share class updates.,teachers sometimes use facebook pages to share class updates.
2,Academic discussions thrive in niche Facebook communities. ,academic discussions thrive in niche facebook communities. 
2,Facebook remains one of the most widely used platforms for global communication. #DigitalConnections,facebook remains one of the most widely used platforms for global communication. #digitalconnections
2,Many small businesses rely on Facebook to reach their customers.,many small businesses rely on facebook to reach their customers.
2,Facebook Groups provide spaces for people to discuss shared interests.,facebook groups provide spaces for people to discuss shared interests.
2,Privacy settings on Facebook help users control their online presence.,privacy settings on facebook help users control their online presence.
2,Facebook Marketplace has become a popular tool for local buying and selling. #Ecommerce,facebook marketplace has become a popular tool for local buying and selling. #ecommerce
2,Facebook continues to evolve with new features like Stories and Reels.,facebook continues to evolve with new features like stories and reels.
2,The Facebook algorithm determines what content appears in your feed. #SocialMedia,the facebook algorithm determines what content appears in your feed. #socialmedia
2,Facebook’s fact-checking program aims to reduce misinformation.,facebook’s fact-checking program aims to reduce misinformation.
2,Many users access Facebook through its mobile app for convenience.,many users access facebook through its mobile app for convenience.
2,Facebook’s integration with Instagram and WhatsApp expands its ecosystem.,facebook’s integration with instagram and whatsapp expands its ecosystem.
2,Facebook Ads allow businesses to target specific demographics.,facebook ads allow businesses to target specific demographics.
2,Facebook Insights provides analytics for page performance.,facebook insights provides analytics for page performance.
2,Brands use Facebook Live to engage with audiences in real-time.,brands use facebook live to engage with audiences in real-time.
2,Facebook’s ad policies are regularly updated to ensure compliance.,facebook’s ad policies are regularly updated to ensure compliance.
2,Customer service via Facebook Messenger is now a common practice. ,customer service via facebook messenger is now a common practice. 
2,"Climate change is no longer a distant threat—it's happening now, and we must act urgently,","climate change is no longer a distant threat—it's happening now, and we must act urgently,"
2,"Rising global temperatures are disrupting ecosystems and weather patterns worldwide,","rising global temperatures are disrupting ecosystems and weather patterns worldwide,"
2,"The last decade was the hottest on record, proving climate change is accelerating,","the last decade was the hottest on record, proving climate change is accelerating,"
2,"Melting glaciers and rising sea levels threaten coastal communities everywhere,","melting glaciers and rising sea levels threaten coastal communities everywhere,"
2,"Extreme weather events like hurricanes and wildfires are becoming more intense due t,o climate change,","extreme weather events like hurricanes and wildfires are becoming more intense due t,o climate change,"
2,"Deforestation continues to worsen climate change by reducing Earth's carbon absorptio,n capacity,","deforestation continues to worsen climate change by reducing earth's carbon absorptio,n capacity,"
2,"The ocean absorbs most of the planet's excess heat, causing devastating marine ecosystem changes,","the ocean absorbs most of the planet's excess heat, causing devastating marine ecosystem changes,"
2,"Climate change disproportionately affects vulnerable communities with the fewest resources,","climate change disproportionately affects vulnerable communities with the fewest resources,"
2,"Air pollution from fossil fuels contributes to both climate change and public health crises,","air pollution from fossil fuels contributes to both climate change and public health crises,"
2,"Renewable energy adoption is growing, but we need faster implementation to meet climate goals,","renewable energy adoption is growing, but we need faster implementation to meet climate goals,"
2,"Solar power has become one of the cheapest energy sources, yet fossil fuels still dominate,","solar power has become one of the cheapest energy sources, yet fossil fuels still dominate,"
2,"Wind energy could power much of the world if we invest in the necessary infrastructure,","wind energy could power much of the world if we invest in the necessary infrastructure,"
2,"Electric vehicles are improving, but we need better charging networks to make them truly accessible,","electric vehicles are improving, but we need better charging networks to make them truly accessible,"
2,"Sustainable agriculture practices can help reduce the food industry's massive carbon footprint,","sustainable agriculture practices can help reduce the food industry's massive carbon footprint,"
2,"Plant-based diets require far fewer resources and generate less emissions than meat production,","plant-based diets require far fewer resources and generate less emissions than meat production,"
2,"Fast fashion is a major polluter—buying less and recycling clothes helps fight climate change,","fast fashion is a major polluter—buying less and recycling clothes helps fight climate change,"
2,"Single-use plastics not only pollute our oceans but also contribute to greenhouse gas emissions,","single-use plastics not only pollute our oceans but also contribute to greenhouse gas emissions,"
2,"Carbon capture technology shows promise but shouldn't replace emission reduction efforts,","carbon capture technology shows promise but shouldn't replace emission reduction efforts,"
2,"Urban green spaces help combat climate change while improving city residents' quality of life,","urban green spaces help combat climate change while improving city residents' quality of life,"
2,"Climate refugees are becoming more common as some areas become uninhabitable,","climate refugees are becoming more common as some areas become uninhabitable,"
2,"Permafrost thawing in the Arctic releases dangerous methane, accelerating global warming,","permafrost thawing in the arctic releases dangerous methane, accelerating global warming,"
2,"Coral reefs are dying at alarming rates due to ocean acidification and warming waters,","coral reefs are dying at alarming rates due to ocean acidification and warming waters,"
2,"The economic costs of climate change already exceed hundreds of billions annually,","the economic costs of climate change already exceed hundreds of billions annually,"
2,"Investing in climate resilience now will save countless lives and resources in the future,","investing in climate resilience now will save countless lives and resources in the future,"
2,"Youth climate activists are reminding world leaders that our future is at stake,","youth climate activists are reminding world leaders that our future is at stake,"
2,"Climate change is causing some animal species to migrate or face possible extinction,","climate change is causing some animal species to migrate or face possible extinction,"
2,"Winter seasons are becoming shorter in many regions, disrupting natural cycles,","winter seasons are becoming shorter in many regions, disrupting natural cycles,"
2,"Droughts are lasting longer and becoming more severe due to shifting climate patterns,","droughts are lasting longer and becoming more severe due to shifting climate patterns,"
2,"Climate misinformation spreads easily online, making public education more important than ever,","climate misinformation spreads easily online, making public education more important than ever,"
2,"Every fraction of a degree in global temperature rise makes a significant difference,","every fraction of a degree in global temperature rise makes a significant difference,"
2,"Climate justice means ensuring solutions don't burden already disadvantaged communities,","climate justice means ensuring solutions don't burden already disadvantaged communities,"
2,"Remote work and reduced business travel could significantly lower corporate carbon footprints,","remote work and reduced business travel could significantly lower corporate carbon footprints,"
2,"Simple actions like proper home insulation can dramatically reduce energy consumption,","simple actions like proper home insulation can dramatically reduce energy consumption,"
2,"Food waste contributes significantly to methane emissions when it decomposes in landfills,","food waste contributes significantly to methane emissions when it decomposes in landfills,"
2,"Climate anxiety is a growing mental health concern, especially among younger generations,","climate anxiety is a growing mental health concern, especially among younger generations,"
2,"Traditional ecological knowledge from indigenous communities offers valuable climate solutions,","traditional ecological knowledge from indigenous communities offers valuable climate solutions,"
2,"The insurance industry is increasingly factoring climate risks into coverage and pricing,","the insurance industry is increasingly factoring climate risks into coverage and pricing,"
2,"Climate change is altering growing seasons, creating challenges for farmers worldwide,","climate change is altering growing seasons, creating challenges for farmers worldwide,"
2,"Microplastics are now found everywhere—from mountaintops to deep ocean trenches,","microplastics are now found everywhere—from mountaintops to deep ocean trenches,"
2,"Green roofs in cities help reduce the urban heat island effect while absorbing rainwater,","green roofs in cities help reduce the urban heat island effect while absorbing rainwater,"
2,"Climate models show we still have time to avoid the worst scenarios if we act now,","climate models show we still have time to avoid the worst scenarios if we act now,"
2,"Overfishing combined with climate change is pushing many marine species toward collapse,","overfishing combined with climate change is pushing many marine species toward collapse,"
2,"Battery storage technology is improving but remains a bottleneck for renewable energy,Climate change is increasing the range of disease-carrying insects like mosquitoes,","battery storage technology is improving but remains a bottleneck for renewable energy,climate change is increasing the range of disease-carrying insects like mosquitoes,"
2,"Thawing glaciers are revealing ancient viruses and bacteria frozen for millennia,","thawing glaciers are revealing ancient viruses and bacteria frozen for millennia,"
2,"The shipping industry accounts for significant emissions but receives little regulation,","the shipping industry accounts for significant emissions but receives little regulation,"
2,"Climate education should be mandatory in schools to prepare future generations,","climate education should be mandatory in schools to prepare future generations,"
2,"Personal carbon footprints vary dramatically between wealthy and developing nations,","personal carbon footprints vary dramatically between wealthy and developing nations,"
2,"Climate change mitigation creates millions of new jobs in green energy sectors,","climate change mitigation creates millions of new jobs in green energy sectors,"
2,"While the challenges seem overwhelming, every positive action contributes to the solution,","while the challenges seem overwhelming, every positive action contributes to the solution,"
2,Facebook is a social networking platform used by millions of people.,facebook is a social networking platform used by millions of people.
2,"Users can share posts, photos, and videos.","users can share posts, photos, and videos."
2,Facebook helps people stay connected with friends and family.The platform offers groups to discuss shared interests.,facebook helps people stay connected with friends and family.the platform offers groups to discuss shared interests.
2,Businesses use Facebook to promote their products and services.,businesses use facebook to promote their products and services.
2,Facebook ads can target specific audiences.Facebook Messenger allows sending private messages.,facebook ads can target specific audiences.facebook messenger allows sending private messages.
2,Events on Facebook help organize gatherings.,events on facebook help organize gatherings.
2,The 'Like' button lets users express appreciation for content.,the 'like' button lets users express appreciation for content.
2,Privacy settings control who can see posts.Facebook was founded in 2004 by Mark Zuckerberg.,privacy settings control who can see posts.facebook was founded in 2004 by mark zuckerberg.
2,The platform is available on desktop and mobile apps.Users can follow news or hobby pages.,the platform is available on desktop and mobile apps.users can follow news or hobby pages.
2,Facebook Marketplace allows buying and selling items locally.,facebook marketplace allows buying and selling items locally.
2,Stories let users share ephemeral moments.,stories let users share ephemeral moments.
2,"Reactions (like, love, haha, etc.) offer more options than just 'Like'.","reactions (like, love, haha, etc.) offer more options than just 'like'."
2,Comments under posts enable discussions.,comments under posts enable discussions.
2,Facebook Watch features videos and online shows.,facebook watch features videos and online shows.
2,Fact-checking is used to combat misinformation.,fact-checking is used to combat misinformation.
2,Facebook's algorithms personalize the news feed.,facebook's algorithms personalize the news feed.
2,Live streaming lets users broadcast to followers in real-time.,live streaming lets users broadcast to followers in real-time.
2,Users can report inappropriate content.,users can report inappropriate content.
2,Facebook works with moderators to monor violations.,facebook works with moderators to monor violations.
2,User data is used to personalize ads.,user data is used to personalize ads.
2,Businesses can analyze performance via Facebook Insights.,businesses can analyze performance via facebook insights.
2,Business pages differ from personal profiles.,business pages differ from personal profiles.
2,Facebook Gaming allows streaming and watching video games.,facebook gaming allows streaming and watching video games.
2,Messenger emojis add quick reactions.,messenger emojis add quick reactions.
2,AR filters and effects are popular in stories.,ar filters and effects are popular in stories.
2,Facebook Dating is an online dating feature.,facebook dating is an online dating feature.
2,Users can archive or delete old pots.,users can archive or delete old pots.
2,Hashtags help categorize content.,hashtags help categorize content.
2,Memes and viral content are often shared on Facebook.,memes and viral content are often shared on facebook.
2,Private groups require an invitation to join.,private groups require an invitation to join.
2,Polls help engage with audiences.Facebook partners with charities for fundraisers.,polls help engage with audiences.facebook partners with charities for fundraisers.
2,Notifications alert users to new activity.,notifications alert users to new activity.
2,Users can customize their profile with a cover photo.,users can customize their profile with a cover photo.
2,Auto-translation helps understand posts in different languages.,auto-translation helps understand posts in different languages.
2,Videos can be saved into playlists.,videos can be saved into playlists.
2,Facebook offers accessibility features for the visually impaired.,facebook offers accessibility features for the visually impaired.
2,Users can block other accounts if needed.Trending topics show popular discussions.,users can block other accounts if needed.trending topics show popular discussions.
2,Pinned posts stay at the top of a profile.,pinned posts stay at the top of a profile.
2,Facebook owns Instagram and WhatsApp.,facebook owns instagram and whatsapp.
2,Users can create photo albums.,users can create photo albums.
2,Mini-games are available via Facebook Instant Games.,mini-games are available via facebook instant games.
2,Status updates let users share moods or thoughts.,status updates let users share moods or thoughts.
2,Sharing expands content reach.,sharing expands content reach.
2,Facebook regularly evolves with new features.,facebook regularly evolves with new features.
2,"New advancements in AI are reshaping industries, sparking discussions about ethics and innovation.","new advancements in ai are reshaping industries, sparking discussions about ethics and innovation."
2,Cybersecurity remains a top priority as digital threats grow more sophisticated. #OnlineSafety,cybersecurity remains a top priority as digital threats grow more sophisticated. #onlinesafety
2,Climate change discussions gain momentum as extreme weather events increase globally.,climate change discussions gain momentum as extreme weather events increase globally.
2,Small daily actions—like reducing waste—can collectively make a big environmental impact.,small daily actions—like reducing waste—can collectively make a big environmental impact.
2,Public art installations spark conversations and community engagement.,public art installations spark conversations and community engagement.
2,Cultural heritage preservation reminds us of our shared history. ,cultural heritage preservation reminds us of our shared history. 
2,Travel trends show a rise in sustainable tourism options.,travel trends show a rise in sustainable tourism options.
2,Exploring new cultures fosters understanding and connection. ,exploring new cultures fosters understanding and connection. 
2,Global markets react to shifting trade policies and economic indicators. ,global markets react to shifting trade policies and economic indicators. 
2,"Small businesses adapt to challenges, proving resilience in uncertain times. #SupportLocal","small businesses adapt to challenges, proving resilience in uncertain times. #supportlocal"
2,A tight match this weekend between [Team A] and [Team B]! The score reflects the intensity on the field.,a tight match this weekend between [team a] and [team b]! the score reflects the intensity on the field.
2,"Athletes continue to push boundaries at [Event Name], showcasing dedication and perseverance. #Sportsmanship","athletes continue to push boundaries at [event name], showcasing dedication and perseverance. #sportsmanship"
2,"Geopolitical tensions continue to evolve, underscoring the need for international dialogue to maintain stability.Educational groups on Facebook offer resources for learners.","geopolitical tensions continue to evolve, underscoring the need for international dialogue to maintain stability.educational groups on facebook offer resources for learners."
2,Facebook’s ‘Learn with Facebook’ program provides free courses.,facebook’s ‘learn with facebook’ program provides free courses.
2,Teachers sometimes use Facebook Pages to share class updates.,teachers sometimes use facebook pages to share class updates.
2,Academic discussions thrive in niche Facebook communities. ,academic discussions thrive in niche facebook communities. 
2,Facebook remains one of the most widely used platforms for global communication. #DigitalConnections,facebook remains one of the most widely used platforms for global communication. #digitalconnections
2,Many small businesses rely on Facebook to reach their customers.,many small businesses rely on facebook to reach their customers.
2,Facebook Groups provide spaces for people to discuss shared interests.,facebook groups provide spaces for people to discuss shared interests.
2,Privacy settings on Facebook help users control their online presence.,privacy settings on facebook help users control their online presence.
2,Facebook Marketplace has become a popular tool for local buying and selling. #Ecommerce,facebook marketplace has become a popular tool for local buying and selling. #ecommerce
2,Facebook continues to evolve with new features like Stories and Reels.,facebook continues to evolve with new features like stories and reels.
2,The Facebook algorithm determines what content appears in your feed. #SocialMedia,the facebook algorithm determines what content appears in your feed. #socialmedia
2,Facebook’s fact-checking program aims to reduce misinformation.,facebook’s fact-checking program aims to reduce misinformation.
2,Many users access Facebook through its mobile app for convenience.,many users access facebook through its mobile app for convenience.
2,Facebook’s integration with Instagram and WhatsApp expands its ecosystem.,facebook’s integration with instagram and whatsapp expands its ecosystem.
2,Facebook Ads allow businesses to target specific demographics.,facebook ads allow businesses to target specific demographics.
2,Facebook Insights provides analytics for page performance.,facebook insights provides analytics for page performance.
2,Brands use Facebook Live to engage with audiences in real-time.,brands use facebook live to engage with audiences in real-time.
2,Facebook’s ad policies are regularly updated to ensure compliance.,facebook’s ad policies are regularly updated to ensure compliance.
2,Customer service via Facebook Messenger is now a common practice. ,customer service via facebook messenger is now a common practice. 
2,"Climate change is no longer a distant threat—it's happening now, and we must act urgently,","climate change is no longer a distant threat—it's happening now, and we must act urgently,"
2,"Rising global temperatures are disrupting ecosystems and weather patterns worldwide,","rising global temperatures are disrupting ecosystems and weather patterns worldwide,"
2,"The last decade was the hottest on record, proving climate change is accelerating,","the last decade was the hottest on record, proving climate change is accelerating,"
2,"Melting glaciers and rising sea levels threaten coastal communities everywhere,","melting glaciers and rising sea levels threaten coastal communities everywhere,"
2,"Extreme weather events like hurricanes and wildfires are becoming more intense due t,o climate change,","extreme weather events like hurricanes and wildfires are becoming more intense due t,o climate change,"
2,"Deforestation continues to worsen climate change by reducing Earth's carbon absorptio,n capacity,","deforestation continues to worsen climate change by reducing earth's carbon absorptio,n capacity,"
2,"The ocean absorbs most of the planet's excess heat, causing devastating marine ecosystem changes,","the ocean absorbs most of the planet's excess heat, causing devastating marine ecosystem changes,"
2,"Climate change disproportionately affects vulnerable communities with the fewest resources,","climate change disproportionately affects vulnerable communities with the fewest resources,"
2,"Air pollution from fossil fuels contributes to both climate change and public health crises,","air pollution from fossil fuels contributes to both climate change and public health crises,"
2,"Renewable energy adoption is growing, but we need faster implementation to meet climate goals,","renewable energy adoption is growing, but we need faster implementation to meet climate goals,"
2,"Solar power has become one of the cheapest energy sources, yet fossil fuels still dominate,","solar power has become one of the cheapest energy sources, yet fossil fuels still dominate,"
2,"Wind energy could power much of the world if we invest in the necessary infrastructure,","wind energy could power much of the world if we invest in the necessary infrastructure,"
2,"Electric vehicles are improving, but we need better charging networks to make them truly accessible,","electric vehicles are improving, but we need better charging networks to make them truly accessible,"
2,"Sustainable agriculture practices can help reduce the food industry's massive carbon footprint,","sustainable agriculture practices can help reduce the food industry's massive carbon footprint,"
2,"Plant-based diets require far fewer resources and generate less emissions than meat production,","plant-based diets require far fewer resources and generate less emissions than meat production,"
2,"Fast fashion is a major polluter—buying less and recycling clothes helps fight climate change,","fast fashion is a major polluter—buying less and recycling clothes helps fight climate change,"
2,"Single-use plastics not only pollute our oceans but also contribute to greenhouse gas emissions,","single-use plastics not only pollute our oceans but also contribute to greenhouse gas emissions,"
2,"Carbon capture technology shows promise but shouldn't replace emission reduction efforts,","carbon capture technology shows promise but shouldn't replace emission reduction efforts,"
2,"Urban green spaces help combat climate change while improving city residents' quality of life,","urban green spaces help combat climate change while improving city residents' quality of life,"
2,"Climate refugees are becoming more common as some areas become uninhabitable,","climate refugees are becoming more common as some areas become uninhabitable,"
2,"Permafrost thawing in the Arctic releases dangerous methane, accelerating global warming,","permafrost thawing in the arctic releases dangerous methane, accelerating global warming,"
2,"Coral reefs are dying at alarming rates due to ocean acidification and warming waters,","coral reefs are dying at alarming rates due to ocean acidification and warming waters,"
2,"The economic costs of climate change already exceed hundreds of billions annually,","the economic costs of climate change already exceed hundreds of billions annually,"
2,"Investing in climate resilience now will save countless lives and resources in the future,","investing in climate resilience now will save countless lives and resources in the future,"
2,"Youth climate activists are reminding world leaders that our future is at stake,","youth climate activists are reminding world leaders that our future is at stake,"
2,"Climate change is causing some animal species to migrate or face possible extinction,","climate change is causing some animal species to migrate or face possible extinction,"
2,"Winter seasons are becoming shorter in many regions, disrupting natural cycles,","winter seasons are becoming shorter in many regions, disrupting natural cycles,"
2,"Droughts are lasting longer and becoming more severe due to shifting climate patterns,","droughts are lasting longer and becoming more severe due to shifting climate patterns,"
2,"Climate misinformation spreads easily online, making public education more important than ever,","climate misinformation spreads easily online, making public education more important than ever,"
2,"Every fraction of a degree in global temperature rise makes a significant difference,","every fraction of a degree in global temperature rise makes a significant difference,"
2,"Climate justice means ensuring solutions don't burden already disadvantaged communities,","climate justice means ensuring solutions don't burden already disadvantaged communities,"
2,"Remote work and reduced business travel could significantly lower corporate carbon footprints,","remote work and reduced business travel could significantly lower corporate carbon footprints,"
2,"Simple actions like proper home insulation can dramatically reduce energy consumption,","simple actions like proper home insulation can dramatically reduce energy consumption,"
2,"Food waste contributes significantly to methane emissions when it decomposes in landfills,","food waste contributes significantly to methane emissions when it decomposes in landfills,"
2,"Climate anxiety is a growing mental health concern, especially among younger generations,","climate anxiety is a growing mental health concern, especially among younger generations,"
2,"Traditional ecological knowledge from indigenous communities offers valuable climate solutions,","traditional ecological knowledge from indigenous communities offers valuable climate solutions,"
2,"The insurance industry is increasingly factoring climate risks into coverage and pricing,","the insurance industry is increasingly factoring climate risks into coverage and pricing,"
2,"Climate change is altering growing seasons, creating challenges for farmers worldwide,","climate change is altering growing seasons, creating challenges for farmers worldwide,"
2,"Microplastics are now found everywhere—from mountaintops to deep ocean trenches,","microplastics are now found everywhere—from mountaintops to deep ocean trenches,"
2,"Green roofs in cities help reduce the urban heat island effect while absorbing rainwater,","green roofs in cities help reduce the urban heat island effect while absorbing rainwater,"
2,"Climate models show we still have time to avoid the worst scenarios if we act now,","climate models show we still have time to avoid the worst scenarios if we act now,"
2,"Overfishing combined with climate change is pushing many marine species toward collapse,","overfishing combined with climate change is pushing many marine species toward collapse,"
2,"Battery storage technology is improving but remains a bottleneck for renewable energy,Climate change is increasing the range of disease-carrying insects like mosquitoes,","battery storage technology is improving but remains a bottleneck for renewable energy,climate change is increasing the range of disease-carrying insects like mosquitoes,"
2,"Thawing glaciers are revealing ancient viruses and bacteria frozen for millennia,","thawing glaciers are revealing ancient viruses and bacteria frozen for millennia,"
2,"The shipping industry accounts for significant emissions but receives little regulation,","the shipping industry accounts for significant emissions but receives little regulation,"
2,"Climate education should be mandatory in schools to prepare future generations,","climate education should be mandatory in schools to prepare future generations,"
2,"Personal carbon footprints vary dramatically between wealthy and developing nations,","personal carbon footprints vary dramatically between wealthy and developing nations,"
2,"Climate change mitigation creates millions of new jobs in green energy sectors,","climate change mitigation creates millions of new jobs in green energy sectors,"
2,"While the challenges seem overwhelming, every positive action contributes to the solution,","while the challenges seem overwhelming, every positive action contributes to the solution,"
2,Facebook is a social networking platform used by millions of people.,facebook is a social networking platform used by millions of people.
2,"Users can share posts, photos, and videos.","users can share posts, photos, and videos."
2,Facebook helps people stay connected with friends and family.The platform offers groups to discuss shared interests.,facebook helps people stay connected with friends and family.the platform offers groups to discuss shared interests.
2,Businesses use Facebook to promote their products and services.,businesses use facebook to promote their products and services.
2,Facebook ads can target specific audiences.Facebook Messenger allows sending private messages.,facebook ads can target specific audiences.facebook messenger allows sending private messages.
2,Events on Facebook help organize gatherings.,events on facebook help organize gatherings.
2,The 'Like' button lets users express appreciation for content.,the 'like' button lets users express appreciation for content.
2,Privacy settings control who can see posts.Facebook was founded in 2004 by Mark Zuckerberg.,privacy settings control who can see posts.facebook was founded in 2004 by mark zuckerberg.
2,The platform is available on desktop and mobile apps.Users can follow news or hobby pages.,the platform is available on desktop and mobile apps.users can follow news or hobby pages.
2,Facebook Marketplace allows buying and selling items locally.,facebook marketplace allows buying and selling items locally.
2,Stories let users share ephemeral moments.,stories let users share ephemeral moments.
2,"Reactions (like, love, haha, etc.) offer more options than just 'Like'.","reactions (like, love, haha, etc.) offer more options than just 'like'."
2,Comments under posts enable discussions.,comments under posts enable discussions.
2,Facebook Watch features videos and online shows.,facebook watch features videos and online shows.
2,Fact-checking is used to combat misinformation.,fact-checking is used to combat misinformation.
2,Facebook's algorithms personalize the news feed.,facebook's algorithms personalize the news feed.
2,Live streaming lets users broadcast to followers in real-time.,live streaming lets users broadcast to followers in real-time.
2,Users can report inappropriate content.,users can report inappropriate content.
2,Facebook works with moderators to monor violations.,facebook works with moderators to monor violations.
2,User data is used to personalize ads.,user data is used to personalize ads.
2,Businesses can analyze performance via Facebook Insights.,businesses can analyze performance via facebook insights.
2,Business pages differ from personal profiles.,business pages differ from personal profiles.
2,Facebook Gaming allows streaming and watching video games.,facebook gaming allows streaming and watching video games.
2,Messenger emojis add quick reactions.,messenger emojis add quick reactions.
2,AR filters and effects are popular in stories.,ar filters and effects are popular in stories.
2,Facebook Dating is an online dating feature.,facebook dating is an online dating feature.
2,Users can archive or delete old pots.,users can archive or delete old pots.
2,Hashtags help categorize content.,hashtags help categorize content.
2,Memes and viral content are often shared on Facebook.,memes and viral content are often shared on facebook.
2,Private groups require an invitation to join.,private groups require an invitation to join.
2,Polls help engage with audiences.Facebook partners with charities for fundraisers.,polls help engage with audiences.facebook partners with charities for fundraisers.
2,Notifications alert users to new activity.,notifications alert users to new activity.
2,Users can customize their profile with a cover photo.,users can customize their profile with a cover photo.
2,Auto-translation helps understand posts in different languages.,auto-translation helps understand posts in different languages.
2,Videos can be saved into playlists.,videos can be saved into playlists.
2,Facebook offers accessibility features for the visually impaired.,facebook offers accessibility features for the visually impaired.
2,Users can block other accounts if needed.Trending topics show popular discussions.,users can block other accounts if needed.trending topics show popular discussions.
2,Pinned posts stay at the top of a profile.,pinned posts stay at the top of a profile.
2,Facebook owns Instagram and WhatsApp.,facebook owns instagram and whatsapp.
2,Users can create photo albums.,users can create photo albums.
2,Mini-games are available via Facebook Instant Games.,mini-games are available via facebook instant games.
2,Status updates let users share moods or thoughts.,status updates let users share moods or thoughts.
2,Sharing expands content reach.,sharing expands content reach.
2,Facebook regularly evolves with new features.,facebook regularly evolves with new features.
2,"New advancements in AI are reshaping industries, sparking discussions about ethics and innovation.","new advancements in ai are reshaping industries, sparking discussions about ethics and innovation."
2,Cybersecurity remains a top priority as digital threats grow more sophisticated. #OnlineSafety,cybersecurity remains a top priority as digital threats grow more sophisticated. #onlinesafety
2,Climate change discussions gain momentum as extreme weather events increase globally.,climate change discussions gain momentum as extreme weather events increase globally.
2,Small daily actions—like reducing waste—can collectively make a big environmental impact.,small daily actions—like reducing waste—can collectively make a big environmental impact.
2,Public art installations spark conversations and community engagement.,public art installations spark conversations and community engagement.
2,Cultural heritage preservation reminds us of our shared history. ,cultural heritage preservation reminds us of our shared history. 
2,Travel trends show a rise in sustainable tourism options.,travel trends show a rise in sustainable tourism options.
2,Exploring new cultures fosters understanding and connection. ,exploring new cultures fosters understanding and connection. 
2,Global markets react to shifting trade policies and economic indicators. ,global markets react to shifting trade policies and economic indicators. 
2,"Small businesses adapt to challenges, proving resilience in uncertain times. #SupportLocal","small businesses adapt to challenges, proving resilience in uncertain times. #supportlocal"
2,A tight match this weekend between [Team A] and [Team B]! The score reflects the intensity on the field.,a tight match this weekend between [team a] and [team b]! the score reflects the intensity on the field.
2,"Athletes continue to push boundaries at [Event Name], showcasing dedication and perseverance. #Sportsmanship","athletes continue to push boundaries at [event name], showcasing dedication and perseverance. #sportsmanship"
2,"Geopolitical tensions continue to evolve, underscoring the need for international dialogue to maintain stability.Educational groups on Facebook offer resources for learners.","geopolitical tensions continue to evolve, underscoring the need for international dialogue to maintain stability.educational groups on facebook offer resources for learners."
2,Facebook’s ‘Learn with Facebook’ program provides free courses.,facebook’s ‘learn with facebook’ program provides free courses.
2,Teachers sometimes use Facebook Pages to share class updates.,teachers sometimes use facebook pages to share class updates.
2,Academic discussions thrive in niche Facebook communities. ,academic discussions thrive in niche facebook communities. 
2,Facebook remains one of the most widely used platforms for global communication. #DigitalConnections,facebook remains one of the most widely used platforms for global communication. #digitalconnections
2,Many small businesses rely on Facebook to reach their customers.,many small businesses rely on facebook to reach their customers.
2,Facebook Groups provide spaces for people to discuss shared interests.,facebook groups provide spaces for people to discuss shared interests.
2,Privacy settings on Facebook help users control their online presence.,privacy settings on facebook help users control their online presence.
2,Facebook Marketplace has become a popular tool for local buying and selling. #Ecommerce,facebook marketplace has become a popular tool for local buying and selling. #ecommerce
2,Facebook continues to evolve with new features like Stories and Reels.,facebook continues to evolve with new features like stories and reels.
2,The Facebook algorithm determines what content appears in your feed. #SocialMedia,the facebook algorithm determines what content appears in your feed. #socialmedia
2,Facebook’s fact-checking program aims to reduce misinformation.,facebook’s fact-checking program aims to reduce misinformation.
2,Many users access Facebook through its mobile app for convenience.,many users access facebook through its mobile app for convenience.
2,Facebook’s integration with Instagram and WhatsApp expands its ecosystem.,facebook’s integration with instagram and whatsapp expands its ecosystem.
2,Facebook Ads allow businesses to target specific demographics.,facebook ads allow businesses to target specific demographics.
2,Facebook Insights provides analytics for page performance.,facebook insights provides analytics for page performance.
2,Brands use Facebook Live to engage with audiences in real-time.,brands use facebook live to engage with audiences in real-time.
2,Facebook’s ad policies are regularly updated to ensure compliance.,facebook’s ad policies are regularly updated to ensure compliance.
2,Customer service via Facebook Messenger is now a common practice. ,customer service via facebook messenger is now a common practice. 
2,"Climate change is no longer a distant threat—it's happening now, and we must act urgently,","climate change is no longer a distant threat—it's happening now, and we must act urgently,"
2,"Rising global temperatures are disrupting ecosystems and weather patterns worldwide,","rising global temperatures are disrupting ecosystems and weather patterns worldwide,"
2,"The last decade was the hottest on record, proving climate change is accelerating,","the last decade was the hottest on record, proving climate change is accelerating,"
2,"Melting glaciers and rising sea levels threaten coastal communities everywhere,","melting glaciers and rising sea levels threaten coastal communities everywhere,"
2,"Extreme weather events like hurricanes and wildfires are becoming more intense due t,o climate change,","extreme weather events like hurricanes and wildfires are becoming more intense due t,o climate change,"
2,"Deforestation continues to worsen climate change by reducing Earth's carbon absorptio,n capacity,","deforestation continues to worsen climate change by reducing earth's carbon absorptio,n capacity,"
2,"The ocean absorbs most of the planet's excess heat, causing devastating marine ecosystem changes,","the ocean absorbs most of the planet's excess heat, causing devastating marine ecosystem changes,"
2,"Climate change disproportionately affects vulnerable communities with the fewest resources,","climate change disproportionately affects vulnerable communities with the fewest resources,"
2,"Air pollution from fossil fuels contributes to both climate change and public health crises,","air pollution from fossil fuels contributes to both climate change and public health crises,"
2,"Renewable energy adoption is growing, but we need faster implementation to meet climate goals,","renewable energy adoption is growing, but we need faster implementation to meet climate goals,"
2,"Solar power has become one of the cheapest energy sources, yet fossil fuels still dominate,","solar power has become one of the cheapest energy sources, yet fossil fuels still dominate,"
2,"Wind energy could power much of the world if we invest in the necessary infrastructure,","wind energy could power much of the world if we invest in the necessary infrastructure,"
2,"Electric vehicles are improving, but we need better charging networks to make them truly accessible,","electric vehicles are improving, but we need better charging networks to make them truly accessible,"
2,"Sustainable agriculture practices can help reduce the food industry's massive carbon footprint,","sustainable agriculture practices can help reduce the food industry's massive carbon footprint,"
2,"Plant-based diets require far fewer resources and generate less emissions than meat production,","plant-based diets require far fewer resources and generate less emissions than meat production,"
2,"Fast fashion is a major polluter—buying less and recycling clothes helps fight climate change,","fast fashion is a major polluter—buying less and recycling clothes helps fight climate change,"
2,"Single-use plastics not only pollute our oceans but also contribute to greenhouse gas emissions,","single-use plastics not only pollute our oceans but also contribute to greenhouse gas emissions,"
2,"Carbon capture technology shows promise but shouldn't replace emission reduction efforts,","carbon capture technology shows promise but shouldn't replace emission reduction efforts,"
2,"Urban green spaces help combat climate change while improving city residents' quality of life,","urban green spaces help combat climate change while improving city residents' quality of life,"
2,"Climate refugees are becoming more common as some areas become uninhabitable,","climate refugees are becoming more common as some areas become uninhabitable,"
2,"Permafrost thawing in the Arctic releases dangerous methane, accelerating global warming,","permafrost thawing in the arctic releases dangerous methane, accelerating global warming,"
2,"Coral reefs are dying at alarming rates due to ocean acidification and warming waters,","coral reefs are dying at alarming rates due to ocean acidification and warming waters,"
2,"The economic costs of climate change already exceed hundreds of billions annually,","the economic costs of climate change already exceed hundreds of billions annually,"
2,"Investing in climate resilience now will save countless lives and resources in the future,","investing in climate resilience now will save countless lives and resources in the future,"
2,"Youth climate activists are reminding world leaders that our future is at stake,","youth climate activists are reminding world leaders that our future is at stake,"
2,"Climate change is causing some animal species to migrate or face possible extinction,","climate change is causing some animal species to migrate or face possible extinction,"
2,"Winter seasons are becoming shorter in many regions, disrupting natural cycles,","winter seasons are becoming shorter in many regions, disrupting natural cycles,"
2,"Droughts are lasting longer and becoming more severe due to shifting climate patterns,","droughts are lasting longer and becoming more severe due to shifting climate patterns,"
2,"Climate misinformation spreads easily online, making public education more important than ever,","climate misinformation spreads easily online, making public education more important than ever,"
2,"Every fraction of a degree in global temperature rise makes a significant difference,","every fraction of a degree in global temperature rise makes a significant difference,"
2,"Climate justice means ensuring solutions don't burden already disadvantaged communities,","climate justice means ensuring solutions don't burden already disadvantaged communities,"
2,"Remote work and reduced business travel could significantly lower corporate carbon footprints,","remote work and reduced business travel could significantly lower corporate carbon footprints,"
2,"Simple actions like proper home insulation can dramatically reduce energy consumption,","simple actions like proper home insulation can dramatically reduce energy consumption,"
2,"Food waste contributes significantly to methane emissions when it decomposes in landfills,","food waste contributes significantly to methane emissions when it decomposes in landfills,"
2,"Climate anxiety is a growing mental health concern, especially among younger generations,","climate anxiety is a growing mental health concern, especially among younger generations,"
2,"Traditional ecological knowledge from indigenous communities offers valuable climate solutions,","traditional ecological knowledge from indigenous communities offers valuable climate solutions,"
2,"The insurance industry is increasingly factoring climate risks into coverage and pricing,","the insurance industry is increasingly factoring climate risks into coverage and pricing,"
2,"Climate change is altering growing seasons, creating challenges for farmers worldwide,","climate change is altering growing seasons, creating challenges for farmers worldwide,"
2,"Microplastics are now found everywhere—from mountaintops to deep ocean trenches,","microplastics are now found everywhere—from mountaintops to deep ocean trenches,"
2,"Green roofs in cities help reduce the urban heat island effect while absorbing rainwater,","green roofs in cities help reduce the urban heat island effect while absorbing rainwater,"
2,"Climate models show we still have time to avoid the worst scenarios if we act now,","climate models show we still have time to avoid the worst scenarios if we act now,"
2,"Overfishing combined with climate change is pushing many marine species toward collapse,","overfishing combined with climate change is pushing many marine species toward collapse,"
2,"Battery storage technology is improving but remains a bottleneck for renewable energy,Climate change is increasing the range of disease-carrying insects like mosquitoes,","battery storage technology is improving but remains a bottleneck for renewable energy,climate change is increasing the range of disease-carrying insects like mosquitoes,"
2,"Thawing glaciers are revealing ancient viruses and bacteria frozen for millennia,","thawing glaciers are revealing ancient viruses and bacteria frozen for millennia,"
2,"The shipping industry accounts for significant emissions but receives little regulation,","the shipping industry accounts for significant emissions but receives little regulation,"
2,"Climate education should be mandatory in schools to prepare future generations,","climate education should be mandatory in schools to prepare future generations,"
2,"Personal carbon footprints vary dramatically between wealthy and developing nations,","personal carbon footprints vary dramatically between wealthy and developing nations,"
2,"Climate change mitigation creates millions of new jobs in green energy sectors,","climate change mitigation creates millions of new jobs in green energy sectors,"
2,"While the challenges seem overwhelming, every positive action contributes to the solution,","while the challenges seem overwhelming, every positive action contributes to the solution,"
